{
  "n_no2_events": 27,
  "n_surge": 16,
  "n_drop": 11,
  "production": {
    "n_production_events": 47,
    "n_matched": 4,
    "precision": 0.14814814814814814,
    "recall": 0.0851063829787234,
    "false_discovery_rate": 0.8518518518518519,
    "median_lead_days": -2.0,
    "lead_ci_days": [
      -2.0,
      8.5
    ],
    "lead_positive_frac": 0.25
  },
  "market": {
    "by_instrument": [
      {
        "instrument": "BHP",
        "n_events": 27,
        "car_mean": 0.0007559235052555143,
        "car_ci_low": -0.013596170707167317,
        "car_ci_high": 0.011996422382151806,
        "hit_rate": 0.48148148148148145
      },
      {
        "instrument": "RIO",
        "n_events": 27,
        "car_mean": 0.004382102203151379,
        "car_ci_low": -0.007421472711934573,
        "car_ci_high": 0.013966229209811007,
        "hit_rate": 0.4074074074074074
      },
      {
        "instrument": "SLX",
        "n_events": 27,
        "car_mean": -0.00792659412714992,
        "car_ci_low": -0.021742749613090986,
        "car_ci_high": 0.004090383263927278,
        "hit_rate": 0.4074074074074074
      },
      {
        "instrument": "VALE",
        "n_events": 27,
        "car_mean": -0.0019717138744868145,
        "car_ci_low": -0.022659289928054153,
        "car_ci_high": 0.015742893844682297,
        "hit_rate": 0.48148148148148145
      }
    ],
    "n_events_tested": 27,
    "n_instruments": 4,
    "verdict": "market_null"
  },
  "conclusion": "null",
  "multiplicity_n_tests": 108,
  "config_echo": {
    "detector": "zscore",
    "z_thresh": 2.0,
    "match_window": 2,
    "study_window": 5,
    "overpass_latency_days": 2,
    "instruments": [
      "BHP",
      "RIO",
      "VALE",
      "SLX"
    ],
    "market_benchmark": "ACWI",
    "meteo_screen": false,
    "freq": "W"
  }
}